metric,task,model,severity,mean,std,n_seeds
accuracy,sentnob,banglabert,0,0.7446356490333544,0.004825925936520317,3
accuracy,sentnob,banglabert,1,0.7322191535065977,0.007600445267472637,27
accuracy,sentnob,banglabert,2,0.7181738781483842,0.016806081419261334,27
accuracy,sentnob,banglabert,3,0.6814673181785992,0.03621789029709085,27
accuracy,sentnob,banglabert,4,0.6178268772277695,0.07044785094293794,27
accuracy,sentnob,banglabert,5,0.5485447206288506,0.11422336329210737,27
accuracy,sentnob,char_ngram,0,0.7029955385595921,0.0,3
accuracy,sentnob,char_ngram,1,0.6983924651228667,0.006640796618990271,27
accuracy,sentnob,char_ngram,2,0.693883813705356,0.007639629342993626,27
accuracy,sentnob,char_ngram,3,0.6663597951042183,0.020484107003590626,27
accuracy,sentnob,char_ngram,4,0.6210608313858792,0.04821553427936717,27
accuracy,sentnob,char_ngram,5,0.5694828033897505,0.08019561329068112,27
accuracy,sentnob,banglishbert,0,0.7408115572551518,0.0007359468058503689,3
accuracy,sentnob,banglishbert,1,0.7270259424497794,0.008561546949999591,27
accuracy,sentnob,banglishbert,2,0.7114463092793238,0.017056661943470143,27
accuracy,sentnob,banglishbert,3,0.6715766116658405,0.03714196743864761,27
accuracy,sentnob,banglishbert,4,0.6092344734792154,0.0703433583896803,27
accuracy,sentnob,banglishbert,5,0.5439180416873215,0.1013521925008048,27
accuracy,sentnob,xlmr,0,0.7114935202889314,0.010990029450926348,3
accuracy,sentnob,xlmr,1,0.7023581899298916,0.0094962807047491,27
accuracy,sentnob,xlmr,2,0.6944503458206454,0.012949148330753191,27
accuracy,sentnob,xlmr,3,0.6662417675801997,0.027298605788718237,27
accuracy,sentnob,xlmr,4,0.6204234827561786,0.052259697763440104,27
accuracy,sentnob,xlmr,5,0.5684441611783868,0.08158279503085919,27
accuracy,sentnob,mbert,0,0.6872742723603146,0.014538442414213404,3
accuracy,sentnob,mbert,1,0.6798149328423387,0.009029313868886663,27
accuracy,sentnob,mbert,2,0.6685551070509642,0.012613263382923831,27
accuracy,sentnob,mbert,3,0.647900290347709,0.02603745620886401,27
accuracy,sentnob,mbert,4,0.6060241248259094,0.052492776903835366,27
accuracy,sentnob,mbert,5,0.5624247574534381,0.07393060956098704,27
accuracy,bd_shs,banglabert,0,0.9211305070656692,0.004769637714717942,3
accuracy,bd_shs,banglabert,1,0.9120568948000369,0.006565504835224751,27
accuracy,bd_shs,banglabert,2,0.9028761429758937,0.010466432043550298,27
accuracy,bd_shs,banglabert,3,0.879885471506419,0.024082140206674898,27
accuracy,bd_shs,banglabert,4,0.839833748960931,0.04676236619752169,27
accuracy,bd_shs,banglabert,5,0.7935346818139836,0.07374562899287579,27
accuracy,bd_shs,char_ngram,0,0.9056359102244388,0.0,3
accuracy,bd_shs,char_ngram,1,0.8963554077768542,0.005514843371694647,27
accuracy,bd_shs,char_ngram,2,0.8865244296665743,0.009829136310886628,27
accuracy,bd_shs,char_ngram,3,0.864775099288815,0.02126494385132889,27
accuracy,bd_shs,char_ngram,4,0.8243982636002586,0.04236058540698439,27
accuracy,bd_shs,char_ngram,5,0.7758751269973215,0.07000551006106506,27
accuracy,bd_shs,banglishbert,0,0.9175062344139651,0.0058819044340370445,3
accuracy,bd_shs,banglishbert,1,0.9074240325113143,0.0067286569530530214,27
accuracy,bd_shs,banglishbert,2,0.8977999445829871,0.01133548152779323,27
accuracy,bd_shs,banglishbert,3,0.8756294449062529,0.024645113752784754,27
accuracy,bd_shs,banglishbert,4,0.8362131707767618,0.04674954417637024,27
accuracy,bd_shs,banglishbert,5,0.7933942920476587,0.07227611029341903,27
accuracy,bd_shs,xlmr,0,0.9151787198669993,0.0036763664817116392,3
accuracy,bd_shs,xlmr,1,0.9067110002770851,0.006099006531721206,27
accuracy,bd_shs,xlmr,2,0.8988750346356331,0.010619913454790103,27
accuracy,bd_shs,xlmr,3,0.8813337027800868,0.021318165573311953,27
accuracy,bd_shs,xlmr,4,0.8500822019026508,0.04035443519294457,27
accuracy,bd_shs,xlmr,5,0.8168319940888519,0.061307510416200285,27
accuracy,bd_shs,mbert,0,0.9154114713216958,0.0005553879663671085,3
accuracy,bd_shs,mbert,1,0.9057504387180197,0.006047421134817569,27
accuracy,bd_shs,mbert,2,0.8964736307379698,0.011121969262336181,27
accuracy,bd_shs,mbert,3,0.8761873095040178,0.02437391317794482,27
accuracy,bd_shs,mbert,4,0.8407241156368338,0.04553864168077204,27
accuracy,bd_shs,mbert,5,0.8028558234044518,0.06864093090140136,27
accuracy,banfakenews,banglabert,0,0.9642716921868866,0.0013600713055115117,3
accuracy,banfakenews,banglabert,1,0.9099376172403263,0.05226957168264865,27
accuracy,banfakenews,banglabert,2,0.7589320769532784,0.1616270860619331,27
accuracy,banfakenews,banglabert,3,0.47964926056798846,0.26447667761782584,27
accuracy,banfakenews,banglabert,4,0.310866814989312,0.24578549540804345,27
accuracy,banfakenews,banglabert,5,0.2536317235963879,0.233622283315264,27
accuracy,banfakenews,char_ngram,0,0.9734982332155476,0.0,3
accuracy,banfakenews,char_ngram,1,0.9713824543035379,0.0014357072976913469,27
accuracy,banfakenews,char_ngram,2,0.970706277537844,0.0021644309404112243,27
accuracy,banfakenews,char_ngram,3,0.9693757361601884,0.0031503739513841617,27
accuracy,banfakenews,char_ngram,4,0.9609126205121493,0.015762154358983833,27
accuracy,banfakenews,char_ngram,5,0.9290668760633425,0.06645808112680125,27
accuracy,banfakenews,banglishbert,0,0.961523360816647,0.002229645993639638,3
accuracy,banfakenews,banglishbert,1,0.825524582297256,0.13405862773495375,27
accuracy,banfakenews,banglishbert,2,0.5855690790908694,0.22919573281680863,27
accuracy,banfakenews,banglishbert,3,0.35163373031453127,0.237638833983247,27
accuracy,banfakenews,banglishbert,4,0.25897570126074243,0.2200065871118064,27
accuracy,banfakenews,banglishbert,5,0.23190681847925662,0.19118158628577792,27
accuracy,banfakenews,xlmr,0,0.9623085983510012,0.0029446407538279706,3
accuracy,banfakenews,xlmr,1,0.9382279806308076,0.042777847585036326,27
accuracy,banfakenews,xlmr,2,0.8995332199101339,0.10027558718485002,27
accuracy,banfakenews,xlmr,3,0.8140513894341928,0.17944837175572365,27
accuracy,banfakenews,xlmr,4,0.7149369628757144,0.23256046218713697,27
accuracy,banfakenews,xlmr,5,0.6702002355712603,0.25703681781934223,27
accuracy,banfakenews,mbert,0,0.9326658814291323,0.0017992052198491692,3
accuracy,banfakenews,mbert,1,0.9296994285215723,0.004652010951531548,27
accuracy,banfakenews,mbert,2,0.9228940365571696,0.008795977105094256,27
accuracy,banfakenews,mbert,3,0.8961523360816648,0.03131602092996532,27
accuracy,banfakenews,mbert,4,0.8224926929284998,0.09416353813663329,27
accuracy,banfakenews,mbert,5,0.7407843650482049,0.15441305491021462,27
macro_f1,sentnob,banglabert,0,0.703016008192865,0.006497281650392541,3
macro_f1,sentnob,banglabert,1,0.6937157122169124,0.005548965334908199,27
macro_f1,sentnob,banglabert,2,0.6822573742831601,0.013152965793378298,27
macro_f1,sentnob,banglabert,3,0.6509314445270541,0.027367893277564084,27
macro_f1,sentnob,banglabert,4,0.5968571752738774,0.05512165215541582,27
macro_f1,sentnob,banglabert,5,0.5310969688187546,0.10221388805645412,27
macro_f1,sentnob,char_ngram,0,0.6752255951193024,0.0,3
macro_f1,sentnob,char_ngram,1,0.6708638237335401,0.006834123643627541,27
macro_f1,sentnob,char_ngram,2,0.6668626025695116,0.007094615394063225,27
macro_f1,sentnob,char_ngram,3,0.6408295669744659,0.0172342131021323,27
macro_f1,sentnob,char_ngram,4,0.5981356361313936,0.040014656014426504,27
macro_f1,sentnob,char_ngram,5,0.5467568885560999,0.07345670018010443,27
macro_f1,sentnob,banglishbert,0,0.7063686723354774,0.0035691603403505776,3
macro_f1,sentnob,banglishbert,1,0.692858007080734,0.007814077487648756,27
macro_f1,sentnob,banglishbert,2,0.6772513215552749,0.01553159585285836,27
macro_f1,sentnob,banglishbert,3,0.6400850041928438,0.03248261172008727,27
macro_f1,sentnob,banglishbert,4,0.5801474161868321,0.06540076343695883,27
macro_f1,sentnob,banglishbert,5,0.5105583892182277,0.10434811685487493,27
macro_f1,sentnob,xlmr,0,0.6727786041043515,0.012306819830484097,3
macro_f1,sentnob,xlmr,1,0.6615829105988125,0.010216143734924325,27
macro_f1,sentnob,xlmr,2,0.6537173806095419,0.012230570279899372,27
macro_f1,sentnob,xlmr,3,0.6236525718248311,0.02414461893810227,27
macro_f1,sentnob,xlmr,4,0.5760398159075362,0.048522554191671154,27
macro_f1,sentnob,xlmr,5,0.5186247923190733,0.08137118440028103,27
macro_f1,sentnob,mbert,0,0.6592806636030869,0.016419440574524276,3
macro_f1,sentnob,mbert,1,0.6484047961881161,0.01120827397431643,27
macro_f1,sentnob,mbert,2,0.6341783540789915,0.01484221830168601,27
macro_f1,sentnob,mbert,3,0.608067331850183,0.02834025610912965,27
macro_f1,sentnob,mbert,4,0.558299957707376,0.05607131086168218,27
macro_f1,sentnob,mbert,5,0.5068105832882045,0.07949839078618406,27
macro_f1,bd_shs,banglabert,0,0.9210893816629286,0.004753412094884112,3
macro_f1,bd_shs,banglabert,1,0.9119631475758637,0.006575648951127007,27
macro_f1,bd_shs,banglabert,2,0.9026758588451181,0.010560412080534418,27
macro_f1,bd_shs,banglabert,3,0.8791628034038782,0.024636505055694837,27
macro_f1,bd_shs,banglabert,4,0.8365954043969782,0.049735606108344946,27
macro_f1,bd_shs,banglabert,5,0.7835328757548313,0.08343027522987082,27
macro_f1,bd_shs,char_ngram,0,0.9053582500074646,0.0,3
macro_f1,bd_shs,char_ngram,1,0.8959264150456712,0.005587249306357913,27
macro_f1,bd_shs,char_ngram,2,0.88588674507885,0.01000438529114091,27
macro_f1,bd_shs,char_ngram,3,0.8633915030456876,0.02191889104752614,27
macro_f1,bd_shs,char_ngram,4,0.8202435806046106,0.045238104504270314,27
macro_f1,bd_shs,char_ngram,5,0.7651217024454295,0.07901293317907335,27
macro_f1,bd_shs,banglishbert,0,0.9174712038652242,0.005852640430712083,3
macro_f1,bd_shs,banglishbert,1,0.907353611647287,0.006720795721345378,27
macro_f1,bd_shs,banglishbert,2,0.897655937426483,0.011392573957516165,27
macro_f1,bd_shs,banglishbert,3,0.8751130105088486,0.025028835605166288,27
macro_f1,bd_shs,banglishbert,4,0.8338937078087617,0.0488566382308594,27
macro_f1,bd_shs,banglishbert,5,0.7863828999379412,0.07913692489308799,27
macro_f1,bd_shs,xlmr,0,0.9151388557985429,0.003643913611874196,3
macro_f1,bd_shs,xlmr,1,0.906650125539292,0.006090356136152855,27
macro_f1,bd_shs,xlmr,2,0.898778880102739,0.010644083173517426,27
macro_f1,bd_shs,xlmr,3,0.881085390546051,0.02147599955330668,27
macro_f1,bd_shs,xlmr,4,0.8492460964752385,0.04108729355074447,27
macro_f1,bd_shs,xlmr,5,0.8144684564683756,0.06368197881772235,27
macro_f1,bd_shs,mbert,0,0.9153748509794046,0.0005636466121110531,3
macro_f1,bd_shs,mbert,1,0.9056884888998569,0.006070398281938308,27
macro_f1,bd_shs,mbert,2,0.89638017073151,0.011169798608428413,27
macro_f1,bd_shs,mbert,3,0.8759427607186901,0.02457979604937113,27
macro_f1,bd_shs,mbert,4,0.8399997987503809,0.04623394807854363,27
macro_f1,bd_shs,mbert,5,0.8010592567166618,0.07049455324799513,27
macro_f1,banfakenews,banglabert,0,0.9269758158634813,0.0033539202490466737,3
macro_f1,banfakenews,banglabert,1,0.8555908569542409,0.06210617492857576,27
macro_f1,banfakenews,banglabert,2,0.7077849826586683,0.15196360546276796,27
macro_f1,banfakenews,banglabert,3,0.4548806995032951,0.24440644327089306,27
macro_f1,banfakenews,banglabert,4,0.2931232452648893,0.23692151669355221,27
macro_f1,banfakenews,banglabert,5,0.23275960582545818,0.21986367089730338,27
macro_f1,banfakenews,char_ngram,0,0.9471431644787676,0.0,3
macro_f1,banfakenews,char_ngram,1,0.9429307239627227,0.0027437386899104793,27
macro_f1,banfakenews,char_ngram,2,0.9414888499817182,0.0041128405584576954,27
macro_f1,banfakenews,char_ngram,3,0.9390502272292899,0.0052818037713516066,27
macro_f1,banfakenews,char_ngram,4,0.924767887669426,0.02330455349641649,27
macro_f1,banfakenews,char_ngram,5,0.8825660505067637,0.08048663676732688,27
macro_f1,banfakenews,banglishbert,0,0.9193774785483845,0.0056654710963063805,3
macro_f1,banfakenews,banglishbert,1,0.7683944902091753,0.12942984733403937,27
macro_f1,banfakenews,banglishbert,2,0.5531620606049489,0.20962572679550062,27
macro_f1,banfakenews,banglishbert,3,0.3373670597223712,0.22487613303638998,27
macro_f1,banfakenews,banglishbert,4,0.24048850690684506,0.20584307510719516,27
macro_f1,banfakenews,banglishbert,5,0.2110060348250297,0.17672589890710685,27
macro_f1,banfakenews,xlmr,0,0.920419799221499,0.007517020201155482,3
macro_f1,banfakenews,xlmr,1,0.8857410543086685,0.05365111244853489,27
macro_f1,banfakenews,xlmr,2,0.8420862780539698,0.1028847423302539,27
macro_f1,banfakenews,xlmr,3,0.7504251660226211,0.16515745194904707,27
macro_f1,banfakenews,xlmr,4,0.647640567644418,0.20461924246388813,27
macro_f1,banfakenews,xlmr,5,0.5949660157434588,0.21804862581398798,27
macro_f1,banfakenews,mbert,0,0.8590517416203474,0.008016491006572889,3
macro_f1,banfakenews,mbert,1,0.8569343863112373,0.008916065447851864,27
macro_f1,banfakenews,mbert,2,0.848537212614238,0.011875547098164463,27
macro_f1,banfakenews,mbert,3,0.8151260430149624,0.03378594025563391,27
macro_f1,banfakenews,mbert,4,0.739132710413083,0.08654977786299213,27
macro_f1,banfakenews,mbert,5,0.6661399164792452,0.13323191793686875,27
