noise_type,banglabert,char_ngram,banglishbert,xlmr,mbert
char_insert,0.24520005579829388,0.02007345692459095,0.2643867365515329,0.051439577266339,0.02807643539294043
char_delete,0.29146683279127783,0.04091867245162876,0.31243781811842325,0.0829701419626964,0.07395628509913355
char_substitute,0.3068745490523671,0.035912357177738476,0.3180707265458683,0.06563987361039085,0.056501638141180255
char_transpose,0.2839518547471524,0.03978088665414888,0.2974429167258689,0.13801966842743588,0.052595501284681455
homophone_confuse,0.12698201135790863,0.013915114372171522,0.22516913508519107,0.02320511098652907,0.023109003373313713
matra_perturb,0.10577916495100452,0.021977087952427882,0.19905984269291008,0.02594586219470733,0.02029434324493525
conjunct_split,0.004636931871676945,0.0014406998855969189,0.011870091489666001,0.0027672387174941435,0.0016638154693529399
elongate,0.1276061559398219,0.0400343346553087,0.22025644780126555,0.06749995946161262,0.019232280977264593
whitespace_error,0.27460983758920765,0.03080454426545809,0.31431038178669163,0.22457450351015265,0.06990576455045132
